{"loss": 0.09703800082206726, "_timestamp": 1662841157.2500305, "_runtime": 75.22291254997253, "_step": 149, "_wandb": {"runtime": 75}}